Model,LLM_Score
RAG,0.9035714285714288
GraphRAG,0.8083333333333336
YB_GNN_RAG,0.8380952380952381
