Model,LLM_Score
NavieRAG,0.6822580645161295
GraphRAG,0.7194444444444444
YB_GNN_RAG,0.8443548387096779
