Model,LLM_Score
RAG,0.9023809523809527
GraphRAG,0.8071428571428575
YB_GNN_RAG,0.8380952380952381
