Model,LLM_Score,BERTScore
GraphRAG,0.8080952380952381,0
YB_GNN_RAG,0.838095238095238,0
