Model,LLM_Score
NavieRAG,0.7785714285714287
GraphRAG,0.8059523809523812
YB_GNN_RAG,0.8357142857142857
