Model,LLM_Score
RAG,0.6798387096774199
GraphRAG,0.7194444444444444
YB_GNN_RAG,0.8491935483870973
