Model,LLM_Score,BERTScore
GraphRAG,0.8277777777777778,0
YB_GNN_RAG,0.8459677419354839,0
