Model,LLM_Score,BERTScore
GraphRAG,0.7138888888888889,0
YB_GNN_RAG,0.8443548387096774,0
