Model,LLM_Score
RAG,0.758870967741936
GraphRAG,0.7194444444444444
YB_GNN_RAG,0.848387096774194
